{
  "classification_report": {
    "0": {
      "precision": 0.99,
      "recall": 1.0,
      "f1-score": 0.9949748743718593,
      "support": 297
    },
    "1": {
      "precision": 0.0,
      "recall": 0.0,
      "f1-score": 0.0,
      "support": 3
    },
    "accuracy": 0.99,
    "macro avg": {
      "precision": 0.495,
      "recall": 0.5,
      "f1-score": 0.49748743718592964,
      "support": 300
    },
    "weighted avg": {
      "precision": 0.9800999999999999,
      "recall": 0.99,
      "f1-score": 0.9850251256281407,
      "support": 300
    }
  },
  "roc_auc": 0.18406285072951736
}